Workbook
Name aporte: Planilha1!$D$16
Name rendimento_carteira: Planilha1!$D$12

Sheet Planilha1
B10: CONFIGURAÇÕES | D10: 💶
B11: Salário | D11: 3000
B12: Rendimento Carteira | D12: 0.0089
B13: Sugestão de Investimento | D13: =D11*20% -> 600
B15: INVESTIMENTO MENSAL | D15: 💹
B16: Quanto investir por mês? | D16: 500
B17: Por quantos anos? | D17: 2
B18: Taxa de rendimento mensal? | D18: 0.01079
B19: Patrimõnio acumulado? | D19: =FV(D18,D17*12,D16*-1) -> 13613.814
B20: Dividendo mensais? | D20: =D19*$D$12 -> 121.16294
B22: CENÁRIOS | D22: Dividendos
A23: 2 | B23: Quanto em 2 anos ? | C23: =FV($D$18,A23*12,$D$16*-1) -> 13613.814 | D23: =C23*rendimento_carteira -> 121.16294
A24: 5 | B24: Quanto em 5 anos ? | C24: =FV($D$18,A24*12,$D$16*-1) -> 41888.457 | D24: =C24*rendimento_carteira -> 372.80727
A25: 10 | B25: Quanto em 10 anos ? | C25: =FV($D$18,A25*12,$D$16*-1) -> 121642.11 | D25: =C25*rendimento_carteira -> 1082.6147
A26: 20 | B26: Quanto em 20 anos ? | C26: =FV($D$18,A26*12,$D$16*-1) -> 562599.2 | D26: =C26*rendimento_carteira -> 5007.1329
A27: 30 | B27: Quanto em 30 anos ? | C27: =FV($D$18,A27*12,$D$16*-1) -> 2161084.8 | D27: =C27*rendimento_carteira -> 19233.655
B30: PERFIL | C30: Moderado
B31: VALOR A SER INVESTIDO POR MÊS | C31: =aporte -> 500
B33: TIPO DE FII | C33: Percentual Sugerido | D33: Valores
B34: PAPEL | C34: =VLOOKUP(TRIM($C$30)&" - "&B34, 'Tabela de apoio'!$A:$D, 4, 0) -> 0.32 | D34: =C34*$C$31 -> 160
B35: TIJOLO | C35: =VLOOKUP(TRIM($C$30)&" - "&B35, 'Tabela de apoio'!$A:$D, 4, 0) -> 0.4 | D35: =C35*$C$31 -> 200
B36: HÍBRIDO | C36: =VLOOKUP(TRIM($C$30)&" - "&B36, 'Tabela de apoio'!$A:$D, 4, 0) -> 0.08 | D36: =C36*$C$31 -> 40
B37: FOFs | C37: =VLOOKUP(TRIM($C$30)&" - "&B37, 'Tabela de apoio'!$A:$D, 4, 0) -> 0.1 | D37: =C37*$C$31 -> 50
B38: DESENVOLVIMENTO | C38: =VLOOKUP(TRIM($C$30)&" - "&B38, 'Tabela de apoio'!$A:$D, 4, 0) -> 0.1 | D38: =C38*$C$31 -> 50
B39: HOTELARIAS | C39: =VLOOKUP(TRIM($C$30)&" - "&B39, 'Tabela de apoio'!$A:$D, 4, 0) -> 0.1 | D39: =C39*$C$31 -> 50
D40: =SUM(D34:D39) -> 550

Sheet Tabela de apoio
A1: CHAVE | B1: PERFIL | C1: TIPO DE FII | D1: %
A2: =B2&" - "&C2 -> Conservador - PAPEL | B2: Conservador | C2: PAPEL | D2: 0.3
A3: =B3&" - "&C3 -> Conservador - TIJOLO | B3: Conservador | C3: TIJOLO | D3: 0.5
A4: =B4&" - "&C4 -> Conservador - HÍBRIDO | B4: Conservador | C4: HÍBRIDO | D4: 0.1
A5: =B5&" - "&C5 -> Conservador - FOFs | B5: Conservador | C5: FOFs | D5: 0.1
A6: =B6&" - "&C6 -> Conservador - DESENVOLVIMENTO | B6: Conservador | C6: DESENVOLVIMENTO | D6: 0
A7: =B7&" - "&C7 -> Conservador - HOTELARIAS | B7: Conservador | C7: HOTELARIAS | D7: 0
A8: =B8&" - "&C8 -> Moderado - PAPEL | B8: Moderado | C8: PAPEL | D8: 0.32
A9: =B9&" - "&C9 -> Moderado - TIJOLO | B9: Moderado | C9: TIJOLO | D9: 0.4
A10: =B10&" - "&C10 -> Moderado - HÍBRIDO | B10: Moderado | C10: HÍBRIDO | D10: 0.08
A11: =B11&" - "&C11 -> Moderado - FOFs | B11: Moderado | C11: FOFs | D11: 0.1
A12: =B12&" - "&C12 -> Moderado - DESENVOLVIMENTO | B12: Moderado | C12: DESENVOLVIMENTO | D12: 0.1
A13: =B13&" - "&C13 -> Moderado - HOTELARIAS | B13: Moderado | C13: HOTELARIAS | D13: 0.1
... A19: =B19&" - "&C19 -> Agressivo - HOTELARIAS | B19: Agressivo | C19: HOTELARIAS | D19: 0.1
